datetime,Mean_temp (K) 16,Mean_temp (K) 17
4/8/2019 0:00,245.7118655,245.5612747
4/8/2019 0:10,245.7009334,245.5580592
4/8/2019 0:20,245.6887358,245.5388375
4/8/2019 0:30,245.6781223,245.5369601
4/8/2019 0:40,245.6646557,245.5290381
4/8/2019 0:50,245.6506612,245.5169747
4/8/2019 1:00,245.6298135,245.4938384
4/8/2019 1:10,245.6156152,245.4860386
4/8/2019 1:20,245.5947799,245.4631785
4/8/2019 1:30,245.5761819,245.4639377
4/8/2019 1:40,245.5570996,245.426267
4/8/2019 1:50,245.5396438,245.405975
4/8/2019 2:00,245.5144474,245.3870822
4/8/2019 2:10,245.4843868,245.3705736
4/8/2019 2:20,245.4634836,245.3520502
4/8/2019 2:30,245.4345043,245.3253572
4/8/2019 2:40,245.4070397,245.299951
4/8/2019 2:50,245.3845767,245.2664358
4/8/2019 3:00,245.3524631,245.2508315
4/8/2019 3:10,245.3305823,245.220927
4/8/2019 3:20,245.2900035,245.1909831
4/8/2019 3:30,245.2635924,245.1566941
4/8/2019 3:40,245.2362638,245.1259365
4/8/2019 3:50,245.2029989,245.0908526
4/8/2019 4:00,245.1730073,245.0626364
4/8/2019 4:10,245.1389722,245.0377383
4/8/2019 4:20,245.1142883,245.0127888
4/8/2019 4:30,245.0972328,244.9911035
4/8/2019 4:40,245.0218468,244.9679769
4/8/2019 4:50,,244.9424265
4/8/2019 5:00,245.0724297,244.9262174
4/8/2019 5:10,245.0572736,244.9057972
4/8/2019 5:20,245.0341843,244.8818578
4/8/2019 5:30,244.9739543,244.8516685
4/8/2019 5:40,244.9537906,244.8249236
4/8/2019 5:50,244.9263078,244.7958506
4/8/2019 6:00,244.8995794,244.7609462
4/8/2019 6:10,244.8711522,244.7059913
4/8/2019 6:20,244.8299831,244.6633137
4/8/2019 6:30,244.7898232,244.6151529
4/8/2019 6:40,244.7473112,244.5685392
4/8/2019 6:50,244.7080363,244.5354226
4/8/2019 7:00,244.6673665,244.4971972
4/8/2019 7:10,244.623329,244.4536529
4/8/2019 7:20,244.5930427,244.4179915
4/8/2019 7:30,244.5626476,244.3920341
4/8/2019 7:40,244.5337445,244.3574041
4/8/2019 7:50,244.5026637,244.3284377
4/8/2019 8:00,244.4826222,244.3130583
4/8/2019 8:10,244.463626,244.2951012
4/8/2019 8:20,244.4459302,244.263577
4/8/2019 8:30,244.4192619,244.2509534
4/8/2019 8:40,244.4007238,244.2203311
4/8/2019 8:50,244.3810722,244.1626278
4/8/2019 9:00,244.3534375,244.1793838
4/8/2019 9:10,244.3413505,244.2307975
4/8/2019 9:20,244.3149506,244.2085924
4/8/2019 9:30,244.2941781,244.2047114
4/8/2019 9:40,244.2758373,244.1614703
4/8/2019 9:50,244.2555077,244.1430891
4/8/2019 10:00,244.2459787,244.1182681
4/8/2019 10:10,244.241157,244.110976
4/8/2019 10:20,244.2274126,244.1132514
4/8/2019 10:30,244.2255657,244.1431862
4/8/2019 10:40,244.225279,244.5842116
4/8/2019 10:50,244.2205279,244.8107062
4/8/2019 11:00,244.2247169,245.1660527
4/8/2019 11:10,244.2403019,245.6402006
4/8/2019 11:20,244.2463289,246.0557608
4/8/2019 11:30,244.2564525,246.4584942
4/8/2019 11:40,244.2633861,246.8607697
4/8/2019 11:50,244.2784675,247.2434666
4/8/2019 12:00,244.2923312,247.2609926
4/8/2019 12:10,244.3010434,247.1453806
4/8/2019 12:20,244.3008189,246.6928233
4/8/2019 12:30,244.3131825,245.4794057
4/8/2019 12:40,244.3229057,251.2439152
4/8/2019 12:50,244.3265473,258.5484636
4/8/2019 13:00,244.3450327,265.292974
4/8/2019 13:10,244.3527827,251.6899691
4/8/2019 13:20,244.3668939,250.3209084
4/8/2019 13:30,244.3807718,242.7167738
4/8/2019 13:40,244.3934766,241.6355195
4/8/2019 13:50,244.4079416,242.5354369
4/8/2019 14:00,244.4214179,242.7514848
4/8/2019 14:10,244.4337212,242.8781054
4/8/2019 14:20,244.4444438,242.9828036
4/8/2019 14:30,244.4581577,242.817647
4/8/2019 14:40,244.4679326,242.8085625
4/8/2019 14:50,244.4709144,242.9603039
4/8/2019 15:00,244.4799,243.1345581
4/8/2019 15:10,244.4936889,243.2989597
4/8/2019 15:20,244.5073995,243.331699
4/8/2019 15:30,244.5196681,243.3421274
4/8/2019 15:40,244.5322405,243.4406017
4/8/2019 15:50,244.5469598,243.5667469
4/8/2019 16:00,244.5592452,243.6175054
4/8/2019 16:10,244.5703137,243.7204737
4/8/2019 16:20,244.5832775,243.8024249
4/8/2019 16:30,244.5906622,243.9896126
4/8/2019 16:40,244.5979561,244.1929956
4/8/2019 16:50,244.6009094,244.3469187
4/8/2019 17:00,244.5802713,244.4301672
4/8/2019 17:10,244.588072,244.4756069
4/8/2019 17:20,244.5895246,244.4993081
4/8/2019 17:30,244.5891833,244.523992
4/8/2019 17:40,244.5884075,244.5301849
4/8/2019 17:50,244.5899971,244.5301732
4/8/2019 18:00,244.5831404,244.5362137
4/8/2019 18:10,244.585348,244.5377758
4/8/2019 18:20,244.5818662,244.5353004
4/8/2019 18:30,244.5808398,244.5418486
4/8/2019 18:40,244.569728,244.535984
4/8/2019 18:50,244.5723713,244.5264399
4/8/2019 19:00,244.5661526,244.5606666
4/8/2019 19:10,244.5576491,244.5512133
4/8/2019 19:20,244.5432979,244.5441618
4/8/2019 19:30,244.5371719,244.5390994
4/8/2019 19:40,244.5286422,244.5321245
4/8/2019 19:50,244.5186418,244.519411
4/8/2019 20:00,244.5071467,244.5050785
4/8/2019 20:10,244.4933636,244.4942795
4/8/2019 20:20,244.4791803,244.4730372
4/8/2019 20:30,244.4648178,244.4582604
4/8/2019 20:40,244.4478483,244.4420661
4/8/2019 20:50,244.4357917,244.4320689
4/8/2019 21:00,244.4175228,244.4113568
4/8/2019 21:10,244.3946212,244.2894764
4/8/2019 21:20,244.3873443,244.2741565
4/8/2019 21:30,244.3724284,244.2586524
4/8/2019 21:40,244.3590869,244.2449213
4/8/2019 21:50,244.3458055,244.226514
4/8/2019 22:00,244.329959,244.2109728
4/8/2019 22:10,244.3136145,244.1960213
4/8/2019 22:20,244.2969257,244.185632
4/8/2019 22:30,244.2841775,244.1695774
4/8/2019 22:40,244.2704398,244.1568035
4/8/2019 22:50,244.2592527,244.1444713
4/8/2019 23:00,244.2404224,244.1284419
4/8/2019 23:10,244.2321164,244.1139587
4/8/2019 23:20,244.2097078,244.0992032
4/8/2019 23:30,244.1984264,244.0838029
4/8/2019 23:40,244.1811034,244.0633718
4/8/2019 23:50,244.1657103,244.0484551
4/9/2019 0:00,244.1515571,244.036927
4/9/2019 0:10,244.1356685,244.0161633
4/9/2019 0:20,244.1181538,244.0018498
4/9/2019 0:30,244.1002915,243.9963471
4/9/2019 0:40,244.0815924,243.9721495
4/9/2019 0:50,244.0625825,243.9628061
4/9/2019 1:00,244.0540809,243.9411442
4/9/2019 1:10,244.0329867,243.9232912
4/9/2019 1:20,244.0145652,243.9010285
4/9/2019 1:30,243.9978591,243.9136754
4/9/2019 1:40,243.9827593,243.8877741
4/9/2019 1:50,243.9714726,243.8751116
4/9/2019 2:00,243.9566153,243.8661263
4/9/2019 2:10,243.9458576,243.856663
4/9/2019 2:20,243.9285632,243.8536823
4/9/2019 2:30,243.9125234,243.845962
4/9/2019 2:40,243.9056436,243.8408346
4/9/2019 2:50,243.8937089,243.8376365
4/9/2019 3:00,243.8841794,243.8258366
4/9/2019 3:10,243.8833385,243.821735
4/9/2019 3:20,243.8747078,243.8203736
4/9/2019 3:30,243.8727559,243.8186945
4/9/2019 3:40,243.8797097,243.818911
4/9/2019 3:50,243.8825173,243.8211471
4/9/2019 4:00,243.8821928,243.8282309
4/9/2019 4:10,243.8796335,243.8240023
4/9/2019 4:20,243.8836178,243.8298376
4/9/2019 4:30,243.8863074,243.8326489
4/9/2019 4:40,243.875241,243.8315711
4/9/2019 4:50,243.9012457,243.8382755
4/9/2019 5:00,243.9502279,243.840004
4/9/2019 5:10,243.9521643,243.8380193
4/9/2019 5:20,243.9353995,243.8405305
4/9/2019 5:30,243.906316,243.8357956
4/9/2019 5:40,243.9038329,243.8287852
4/9/2019 5:50,243.8951234,243.8169789
4/9/2019 6:00,243.8867335,243.8019331
4/9/2019 6:10,243.8816792,243.7758137
4/9/2019 6:20,243.8669887,243.7606427
4/9/2019 6:30,243.8508374,243.742649
4/9/2019 6:40,243.8309766,243.7200034
4/9/2019 6:50,243.8141662,243.6962549
4/9/2019 7:00,243.7988223,243.6889214
4/9/2019 7:10,243.7797626,243.6663133
4/9/2019 7:20,243.7571569,243.6427112
4/9/2019 7:30,243.7277107,243.6248672
4/9/2019 7:40,243.7059635,243.6014419
4/9/2019 7:50,243.6868246,243.5671889
4/9/2019 8:00,243.6549182,243.5395408
4/9/2019 8:10,243.623001,243.5119537
4/9/2019 8:20,243.5969444,243.4796105
4/9/2019 8:30,243.5666266,243.4465924
4/9/2019 8:40,243.5348251,243.4200587
4/9/2019 8:50,243.5070936,243.3564739
4/9/2019 9:00,243.4790772,243.3636989
4/9/2019 9:10,243.4540869,243.4239813
4/9/2019 9:20,243.4254112,243.3853585
4/9/2019 9:30,243.4013448,243.3547237
4/9/2019 9:40,243.375994,243.3150292
4/9/2019 9:50,243.3501672,243.2897705
4/9/2019 10:00,243.322981,243.2592351
4/9/2019 10:10,243.2922148,243.2214908
4/9/2019 10:20,243.2501313,243.1871439
4/9/2019 10:30,243.2136239,243.5655908
4/9/2019 10:40,243.1793193,243.813866
4/9/2019 10:50,243.1472645,244.0840079
4/9/2019 11:00,243.1179608,244.5399925
4/9/2019 11:10,243.0912666,244.9322996
4/9/2019 11:20,243.0617634,245.4320556
4/9/2019 11:30,243.0433218,246.0181217
4/9/2019 11:40,243.0194903,246.2876818
4/9/2019 11:50,242.9907878,246.6324559
4/9/2019 12:00,242.9647696,246.8420347
4/9/2019 12:10,242.944409,246.4669712
4/9/2019 12:20,242.9289801,269.3832684
4/9/2019 12:30,242.9147055,262.3599203
4/9/2019 12:40,242.9015398,236.4317339
4/9/2019 12:50,242.8843007,231.023136
4/9/2019 13:00,242.881703,218.5827378
4/9/2019 13:10,242.8640524,225.7586566
4/9/2019 13:20,242.851996,224.0079571
4/9/2019 13:30,242.8392642,254.1371286
4/9/2019 13:40,242.8252219,264.4858637
4/9/2019 13:50,242.8107543,238.8982788
4/9/2019 14:00,242.8004551,244.322496
4/9/2019 14:10,242.7929645,240.1614122
4/9/2019 14:20,242.7829607,240.8811789
4/9/2019 14:30,242.7702356,240.843049
4/9/2019 14:40,242.768107,240.6657085
4/9/2019 14:50,242.7639067,240.7463071
4/9/2019 15:00,242.7594022,240.9499171
4/9/2019 15:10,242.7503772,241.1303797
4/9/2019 15:20,242.745822,241.09403
4/9/2019 15:30,242.7402732,241.2465953
4/9/2019 15:40,242.7353246,241.383382
4/9/2019 15:50,242.7342901,241.498781
4/9/2019 16:00,242.7326703,241.5944458
4/9/2019 16:10,242.7335684,241.6608342
4/9/2019 16:20,242.7391262,241.7802934
4/9/2019 16:30,242.7389203,241.866866
4/9/2019 16:40,242.7424712,242.0894399
4/9/2019 16:50,242.7442682,242.3125568
4/9/2019 17:00,242.7289153,242.4789739
4/9/2019 17:10,242.73313,242.5636762
4/9/2019 17:20,242.7344344,242.6158333
4/9/2019 17:30,242.7385005,242.6494868
4/9/2019 17:40,242.7432333,242.6729204
4/9/2019 17:50,242.7374953,242.6693318
4/9/2019 18:00,242.741054,242.6829729
4/9/2019 18:10,242.7396048,242.6801315
4/9/2019 18:20,242.7288031,242.6699312
4/9/2019 18:30,242.7237716,242.6713405
4/9/2019 18:40,242.7252839,242.6627769
4/9/2019 18:50,242.7166795,242.6518929
4/9/2019 19:00,242.7044587,242.6863932
4/9/2019 19:10,242.7018163,242.6796704
4/9/2019 19:20,242.6999161,242.6782685
4/9/2019 19:30,242.6948729,242.668799
4/9/2019 19:40,242.6909699,242.6701336
4/9/2019 19:50,242.6795505,242.6611418
4/9/2019 20:00,242.6808303,242.6581169
4/9/2019 20:10,242.6754105,242.6493112
4/9/2019 20:20,242.6661389,242.6421266
4/9/2019 20:30,242.6582697,242.6308092
4/9/2019 20:40,242.6512022,242.6185066
4/9/2019 20:50,242.6370769,242.6049948
4/9/2019 21:00,242.62566,242.593039
4/9/2019 21:10,242.6105234,242.4594576
4/9/2019 21:20,242.6020347,242.4592176
4/9/2019 21:30,242.5988606,242.4521239
4/9/2019 21:40,242.5966404,242.45118
4/9/2019 21:50,242.5957269,242.4534792
4/9/2019 22:00,242.5958782,242.44944
4/9/2019 22:10,242.591728,242.4484093
4/9/2019 22:20,242.5915262,242.4418858
4/9/2019 22:30,242.5838945,242.4567543
4/9/2019 22:40,242.5773533,242.4251185
4/9/2019 22:50,242.5697161,242.4449245
4/9/2019 23:00,242.5695039,242.4175256
4/9/2019 23:10,242.5606314,242.4195473
4/9/2019 23:20,242.5446406,242.4037264
4/9/2019 23:30,242.5332261,242.3894421
4/9/2019 23:40,242.5175444,242.373121
4/9/2019 23:50,242.5041403,242.3634306
4/10/2019 0:00,242.4931705,242.3571539
4/10/2019 0:10,242.4752082,242.343027
4/10/2019 0:20,242.4589127,242.3332769
4/10/2019 0:30,242.4383279,242.3047033
4/10/2019 0:40,242.4152933,242.2889449
4/10/2019 0:50,242.3976288,242.2706444
4/10/2019 1:00,242.3669196,242.2476278
4/10/2019 1:10,242.3500988,242.2371651
4/10/2019 1:20,242.3292372,242.231252
4/10/2019 1:30,242.3071913,242.1914568
4/10/2019 1:40,242.2861837,242.1837135
4/10/2019 1:50,242.2588587,242.1614238
4/10/2019 2:00,242.2374843,242.1404878
4/10/2019 2:10,242.2120711,242.1166972
4/10/2019 2:20,242.1938781,242.093719
4/10/2019 2:30,242.1669928,242.0732154
4/10/2019 2:40,242.1412567,242.0422235
4/10/2019 2:50,242.1136081,242.0245291
4/10/2019 3:00,242.0855214,241.9984981
4/10/2019 3:10,242.0566233,241.96665
4/10/2019 3:20,242.0315804,241.9438148
4/10/2019 3:30,242.0037659,241.9327254
4/10/2019 3:40,241.9898957,241.9078921
4/10/2019 3:50,241.9775198,241.89467
4/10/2019 4:00,241.9613813,241.871082
4/10/2019 4:10,241.9557109,241.8675917
4/10/2019 4:20,241.9339941,241.8445873
4/10/2019 4:30,241.91675,241.8310646
4/10/2019 4:40,241.896178,241.800037
4/10/2019 4:50,241.8683012,241.7626272
4/10/2019 5:00,241.8866197,241.7349493
4/10/2019 5:10,241.8577223,241.7036032
4/10/2019 5:20,241.7934381,241.6743287
4/10/2019 5:30,241.7686205,241.6485105
4/10/2019 5:40,241.7474639,241.6329633
4/10/2019 5:50,241.7337162,241.6009617
4/10/2019 6:00,241.7136413,241.5713197
4/10/2019 6:10,241.6935576,241.5503457
4/10/2019 6:20,241.6661064,241.5131723
4/10/2019 6:30,241.6329628,241.4833246
4/10/2019 6:40,241.5976329,241.4360314
4/10/2019 6:50,241.5575371,241.4086766
4/10/2019 7:00,241.5193521,241.3608786
4/10/2019 7:10,241.4763694,241.3157145
4/10/2019 7:20,241.4327841,241.2766474
4/10/2019 7:30,241.3882741,241.2358619
4/10/2019 7:40,241.338083,241.1897607
4/10/2019 7:50,241.2932425,241.140103
4/10/2019 8:00,241.2489888,241.0944624
4/10/2019 8:10,241.1943838,241.0454451
4/10/2019 8:20,241.1461158,240.9954459
4/10/2019 8:30,241.0942485,240.9453677
4/10/2019 8:40,241.0510041,240.9027809
4/10/2019 8:50,241.01365,240.8475321
4/10/2019 9:00,240.9772353,240.8189676
4/10/2019 9:10,240.9394585,240.8787697
4/10/2019 9:20,240.9138505,240.8559149
4/10/2019 9:30,240.8942446,240.8160901
4/10/2019 9:40,240.8726001,240.7966509
4/10/2019 9:50,240.8496149,240.7607936
4/10/2019 10:00,240.8251737,240.7415882
4/10/2019 10:10,240.8141565,240.7253427
4/10/2019 10:20,240.7924733,241.162905
4/10/2019 10:30,240.7768691,241.4523604
4/10/2019 10:40,240.7669505,241.8678302
4/10/2019 10:50,240.7517253,242.345637
4/10/2019 11:00,240.7418187,242.7693114
4/10/2019 11:10,240.7325509,243.4088719
4/10/2019 11:20,240.7294221,244.1424295
4/10/2019 11:30,240.7192785,244.9033352
4/10/2019 11:40,240.713484,245.2156783
4/10/2019 11:50,240.7074995,245.3872789
4/10/2019 12:00,240.7060315,262.785596
4/10/2019 12:10,240.7035302,246.9739509
4/10/2019 12:20,240.7021086,231.6359492
4/10/2019 12:30,240.6940006,227.6737978
4/10/2019 12:40,240.6995689,228.4205875
4/10/2019 12:50,240.7000152,219.4446074
4/10/2019 13:00,240.698441,219.6508549
4/10/2019 13:10,240.7055705,219.2425289
4/10/2019 13:20,240.7190721,221.5175927
4/10/2019 13:30,240.7365914,221.990326
4/10/2019 13:40,240.7508767,222.8034067
4/10/2019 13:50,240.7719226,228.0907407
4/10/2019 14:00,240.7946296,234.4848157
4/10/2019 14:10,240.8188422,241.2339139
4/10/2019 14:20,240.8369927,243.930935
4/10/2019 14:30,240.8618609,240.1398787
4/10/2019 14:40,240.8767658,237.8760703
4/10/2019 14:50,240.8961813,238.1511423
4/10/2019 15:00,240.9156542,238.3639567
4/10/2019 15:10,240.9355477,238.6613309
4/10/2019 15:20,240.9477585,238.758249
4/10/2019 15:30,240.964565,238.8387334
4/10/2019 15:40,240.9784373,239.1158377
4/10/2019 15:50,240.9867996,239.3107541
4/10/2019 16:00,241.0024735,239.5156288
4/10/2019 16:10,241.0151669,239.6304113
4/10/2019 16:20,241.0271559,239.7639871
4/10/2019 16:30,241.0469317,239.8816768
4/10/2019 16:40,241.0650897,240.0299166
4/10/2019 16:50,241.0819961,240.2919559
4/10/2019 17:00,241.0807658,240.5547368
4/10/2019 17:10,241.0993934,240.7687181
4/10/2019 17:20,241.1183321,240.89504
4/10/2019 17:30,241.1363939,240.9739834
4/10/2019 17:40,241.1566704,241.0368921
4/10/2019 17:50,241.1789472,241.0791888
4/10/2019 18:00,241.2039365,241.1058824
4/10/2019 18:10,241.220538,241.1363885
4/10/2019 18:20,241.2522016,241.1636885
4/10/2019 18:30,241.2778,241.2035282
4/10/2019 18:40,241.3033699,241.2389049
4/10/2019 18:50,241.3314213,241.2552871
4/10/2019 19:00,241.3553223,241.3283108
4/10/2019 19:10,241.3873264,241.3638798
4/10/2019 19:20,241.4184331,241.3943971
4/10/2019 19:30,241.4482436,241.4263877
4/10/2019 19:40,241.4787034,241.4589454
4/10/2019 19:50,241.5156312,241.4989649
4/10/2019 20:00,241.5516793,241.5345987
4/10/2019 20:10,241.5888224,241.5711351
4/10/2019 20:20,241.6292749,241.611431
4/10/2019 20:30,241.6723241,241.6540686
4/10/2019 20:40,241.7121212,241.6976275
4/10/2019 20:50,241.7568058,241.7382162
4/10/2019 21:00,241.7973672,241.7684071
4/10/2019 21:10,241.8384248,241.6957759
4/10/2019 21:20,241.8709846,241.7348958
4/10/2019 21:30,241.916151,241.7749085
4/10/2019 21:40,241.9559325,241.8182132
4/10/2019 21:50,241.9969897,241.8635815
4/10/2019 22:00,242.0408429,241.90549
4/10/2019 22:10,242.0862368,241.9542482
4/10/2019 22:20,242.1298433,241.9991354
4/10/2019 22:30,242.1739907,242.0458852
4/10/2019 22:40,242.220357,242.1060712
4/10/2019 22:50,242.2660441,242.1319426
4/10/2019 23:00,242.3115085,242.1815738
4/10/2019 23:10,242.354157,242.222962
4/10/2019 23:20,242.3892465,242.2740402
4/10/2019 23:30,242.4404867,242.3218282
4/10/2019 23:40,242.4876824,242.3583954
4/10/2019 23:50,242.5338086,242.4139618
4/11/2019 0:00,242.5770508,242.4494558
4/11/2019 0:10,242.6184227,242.4932663
4/11/2019 0:20,242.6579128,242.5384336
4/11/2019 0:30,242.6958148,242.5773976
4/11/2019 0:40,242.7376129,242.62823
4/11/2019 0:50,242.777244,242.6626117
4/11/2019 1:00,242.8204358,242.7094248
4/11/2019 1:10,242.8551869,242.7447706
4/11/2019 1:20,242.8945412,242.8028408
4/11/2019 1:30,242.9288263,242.8185752
4/11/2019 1:40,242.9599924,242.854142
4/11/2019 1:50,242.9980782,242.8850586
4/11/2019 2:00,243.0244246,242.9223633
4/11/2019 2:10,243.0517672,242.9532557
4/11/2019 2:20,243.0812293,242.9886932
4/11/2019 2:30,243.1044014,243.0149137
4/11/2019 2:40,243.1366175,243.0529313
4/11/2019 2:50,243.1613778,243.087425
4/11/2019 3:00,243.1900752,243.1180372
4/11/2019 3:10,243.2253136,243.1485739
4/11/2019 3:20,243.253213,243.1781558
4/11/2019 3:30,243.2836839,243.2101349
4/11/2019 3:40,243.3172265,243.2450557
4/11/2019 3:50,243.3574145,243.28525
4/11/2019 4:00,243.3931393,243.3155071
4/11/2019 4:10,243.4258697,243.3630052
4/11/2019 4:20,243.4715391,243.3953915
4/11/2019 4:30,243.5060235,243.4283685
4/11/2019 4:40,243.535322,243.4605396
4/11/2019 4:50,243.5516381,243.4989977
4/11/2019 5:00,243.6536423,243.5306796
4/11/2019 5:10,243.6873447,243.5673945
4/11/2019 5:20,243.6819741,243.5845226
4/11/2019 5:30,243.6948255,243.6066233
4/11/2019 5:40,243.7227221,243.6284153
4/11/2019 5:50,243.7423418,243.6430989
4/11/2019 6:00,243.7616627,243.6502296
4/11/2019 6:10,243.7871496,243.6603021
4/11/2019 6:20,243.8044024,243.6737759
4/11/2019 6:30,243.8213514,243.6808164
4/11/2019 6:40,243.8381505,243.697435
4/11/2019 6:50,243.8537708,243.7154771
4/11/2019 7:00,243.8695351,243.7266671
4/11/2019 7:10,243.8768377,243.7511141
4/11/2019 7:20,243.8962557,243.7657677
4/11/2019 7:30,243.9146118,243.7870523
4/11/2019 7:40,243.9351506,243.8020371
4/11/2019 7:50,243.9558224,243.8205986
4/11/2019 8:00,243.978677,243.8485952
4/11/2019 8:10,244.0017435,243.8718463
4/11/2019 8:20,244.0193899,243.8892667
4/11/2019 8:30,244.0411217,243.9100031
4/11/2019 8:40,244.0565616,243.9242578
4/11/2019 8:50,244.0821336,243.9425473
4/11/2019 9:00,244.0943853,243.936647
4/11/2019 9:10,244.1126849,244.0398113
4/11/2019 9:20,244.1337753,244.0688519
4/11/2019 9:30,244.1451625,244.0734255
4/11/2019 9:40,244.1637659,244.0829372
4/11/2019 9:50,244.1819992,244.1022469
4/11/2019 10:00,244.1976331,244.1849282
4/11/2019 10:10,244.2130837,244.6373814
4/11/2019 10:20,244.2161419,244.9655434
4/11/2019 10:30,244.2300512,245.4641352
4/11/2019 10:40,244.2471815,245.8544224
4/11/2019 10:50,244.2705088,246.2866359
4/11/2019 11:00,244.2793702,247.0657687
4/11/2019 11:10,244.298278,247.8386827
4/11/2019 11:20,244.3186599,248.6400183
4/11/2019 11:30,244.3387759,249.3867625
4/11/2019 11:40,244.3544386,268.4727485
4/11/2019 11:50,244.370901,228.229776
4/11/2019 12:00,244.3892283,229.4870319
4/11/2019 12:10,244.4060097,207.5570679
4/11/2019 12:20,244.4240227,205.7316062
4/11/2019 12:30,244.4452522,205.8172155
4/11/2019 12:40,244.4632171,206.4237962
4/11/2019 12:50,244.4812523,206.3451919
4/11/2019 13:00,244.4955097,206.0054528
4/11/2019 13:10,244.5149964,205.8690223
4/11/2019 13:20,244.5332267,205.4931705
4/11/2019 13:30,244.5523023,205.599736
4/11/2019 13:40,244.5701272,206.9967691
4/11/2019 13:50,244.5873779,205.8878091
4/11/2019 14:00,244.6082009,207.9105881
4/11/2019 14:10,244.6263968,206.0153859
4/11/2019 14:20,244.6405086,217.0271749
4/11/2019 14:30,244.6688801,221.4317907
4/11/2019 14:40,244.6916465,227.7735696
4/11/2019 14:50,244.713249,214.7719724
4/11/2019 15:00,244.7315492,236.4344912
4/11/2019 15:10,244.7519075,241.0260985
4/11/2019 15:20,244.7637701,242.1506556
4/11/2019 15:30,244.7834762,242.2864073
4/11/2019 15:40,244.7980159,242.5165823
4/11/2019 15:50,244.8119936,242.6810564
4/11/2019 16:00,244.8294727,242.9604768
4/11/2019 16:10,244.8436894,243.1691607
4/11/2019 16:20,244.8573396,243.3554667
4/11/2019 16:30,244.8709246,243.5781786
4/11/2019 16:40,244.8823535,243.6899501
4/11/2019 16:50,244.8945992,243.8276682
4/11/2019 17:00,244.8880998,244.0098652
4/11/2019 17:10,244.8966261,244.3085971
4/11/2019 17:20,244.9013373,244.5212101
4/11/2019 17:30,244.9088029,244.6869895
4/11/2019 17:40,244.915196,244.7703073
4/11/2019 17:50,244.9167717,244.8192343
4/11/2019 18:00,244.9198818,244.8533629
4/11/2019 18:10,244.9235523,244.8591262
4/11/2019 18:20,244.9285481,244.8862568
4/11/2019 18:30,244.9238575,244.8924785
4/11/2019 18:40,244.9302047,244.9040217
4/11/2019 18:50,244.9314761,244.899051
4/11/2019 19:00,244.931654,244.9440985
4/11/2019 19:10,244.928474,244.9419018
4/11/2019 19:20,244.9277983,244.9428771
4/11/2019 19:30,244.9246811,244.9417299
4/11/2019 19:40,244.9221687,244.9416854
4/11/2019 19:50,244.9141477,244.9308507
4/11/2019 20:00,244.9101294,244.9332122
4/11/2019 20:10,244.9019914,244.9151626
4/11/2019 20:20,244.8964811,244.9083542
4/11/2019 20:30,244.885716,244.9013321
4/11/2019 20:40,244.8741434,244.8870167
4/11/2019 20:50,244.8600866,244.8743479
4/11/2019 21:00,244.8442355,244.8612169
4/11/2019 21:10,244.8259717,244.7287576
4/11/2019 21:20,244.8089227,244.7170268
4/11/2019 21:30,244.7948439,244.7019545
4/11/2019 21:40,244.7786937,244.6875198
4/11/2019 21:50,244.7661375,244.6706505
4/11/2019 22:00,244.7524219,244.6581499
4/11/2019 22:10,244.7339894,244.6418854
4/11/2019 22:20,244.7232821,244.6477675
4/11/2019 22:30,244.7085202,244.6160871
4/11/2019 22:40,244.7055257,244.6099131
4/11/2019 22:50,244.691201,244.5971212
4/11/2019 23:00,244.6898734,244.5921746
4/11/2019 23:10,244.6822464,244.5813082
4/11/2019 23:20,244.6707597,244.5668934
4/11/2019 23:30,244.6591329,244.5595921
4/11/2019 23:40,244.6479862,244.5440017
4/11/2019 23:50,244.6355532,244.5316127
4/12/2019 0:00,244.6243311,244.5213816
4/12/2019 0:10,244.6159155,244.5149705
4/12/2019 0:20,244.6034953,244.5030542
4/12/2019 0:30,244.5968064,244.4987564
4/12/2019 0:40,244.5875937,244.492291
4/12/2019 0:50,244.5732953,244.4772776
4/12/2019 1:00,244.5665692,244.4714422
4/12/2019 1:10,244.5506252,244.4558088
4/12/2019 1:20,244.5329474,244.4489393
4/12/2019 1:30,244.521055,244.4272876
4/12/2019 1:40,244.5133861,244.4173869
4/12/2019 1:50,244.5080824,244.4208294
4/12/2019 2:00,244.4983588,244.41973
4/12/2019 2:10,244.4853854,244.4090319
4/12/2019 2:20,244.4796852,244.4092517
4/12/2019 2:30,244.4689536,244.4080691
4/12/2019 2:40,244.4690203,244.4080113
4/12/2019 2:50,244.465044,244.406424
4/12/2019 3:00,244.4606771,244.410495
4/12/2019 3:10,244.4641886,244.4095264
4/12/2019 3:20,244.4614571,244.4066408
4/12/2019 3:30,244.461431,244.4066061
4/12/2019 3:40,244.4625038,244.4129299
4/12/2019 3:50,244.4711291,244.4091129
4/12/2019 4:00,244.4710826,244.4108796
4/12/2019 4:10,244.4707258,244.4173638
4/12/2019 4:20,244.4758666,244.413063
4/12/2019 4:30,244.4788176,244.4201987
4/12/2019 4:40,244.4914269,244.4297649
4/12/2019 4:50,244.4782662,244.4251202
4/12/2019 5:00,244.5361245,244.4336552
4/12/2019 5:10,244.5229392,244.437908
4/12/2019 5:20,244.5109303,244.4364401
4/12/2019 5:30,244.5089861,244.4398017
4/12/2019 5:40,244.5114272,244.4307693
4/12/2019 5:50,244.5159411,244.4325407
4/12/2019 6:00,244.5250882,244.4300891
4/12/2019 6:10,244.5312019,244.4285668
4/12/2019 6:20,244.5371516,244.4256063
4/12/2019 6:30,244.5388073,244.4270214
4/12/2019 6:40,244.5375328,244.4192296
4/12/2019 6:50,244.5332005,244.4080171
4/12/2019 7:00,244.528456,244.4092806
4/12/2019 7:10,244.5222238,244.4020705
4/12/2019 7:20,244.5135518,244.3904654
4/12/2019 7:30,244.4978592,244.3783844
4/12/2019 7:40,244.487699,244.3703448
4/12/2019 7:50,244.4833768,244.3645587
4/12/2019 8:00,244.4760378,244.3620226
4/12/2019 8:10,244.4634201,244.3463335
4/12/2019 8:20,244.459413,244.3414157
4/12/2019 8:30,244.4552299,244.3329895
4/12/2019 8:40,244.4475846,244.3182747
4/12/2019 8:50,244.4281824,244.3010238
4/12/2019 9:00,244.4155466,244.2693272
4/12/2019 9:10,244.40149,244.3395711
4/12/2019 9:20,244.3881794,244.3093079
4/12/2019 9:30,244.3671855,244.3003075
4/12/2019 9:40,244.3543636,244.4869449
4/12/2019 9:50,244.3396869,244.8621502
4/12/2019 10:00,244.3298898,245.1866771
4/12/2019 10:10,244.3155582,245.6465463
4/12/2019 10:20,244.3025457,246.0981692
4/12/2019 10:30,244.2854342,246.8238382
4/12/2019 10:40,244.2754952,247.3489054
4/12/2019 10:50,244.255031,248.0905494
4/12/2019 11:00,244.2385744,248.8641746
4/12/2019 11:10,244.2238768,249.8266289
4/12/2019 11:20,244.204668,283.6733783
4/12/2019 11:30,244.1881128,209.3744087
4/12/2019 11:40,244.1694453,206.9576925
4/12/2019 11:50,244.1485967,207.0217915
4/12/2019 12:00,244.133544,207.1698085
4/12/2019 12:10,244.1168642,207.0877764
4/12/2019 12:20,244.1045796,207.0318591
4/12/2019 12:30,244.0935446,207.1088613
4/12/2019 12:40,244.0855321,207.0488527
4/12/2019 12:50,244.0736072,207.0150516
4/12/2019 13:00,244.0713693,206.0098834
4/12/2019 13:10,244.071096,205.1306746
4/12/2019 13:20,244.0703729,206.5853303
4/12/2019 13:30,244.0716483,206.8666969
4/12/2019 13:40,244.0704184,205.4612572
4/12/2019 13:50,244.0720583,206.7362254
4/12/2019 14:00,244.0737296,206.2302264
4/12/2019 14:10,244.0755605,206.3060333
4/12/2019 14:20,244.0744357,206.2827246
4/12/2019 14:30,244.0703217,206.0096481
4/12/2019 14:40,244.0779981,205.8833975
4/12/2019 14:50,244.0779554,206.1126162
4/12/2019 15:00,244.075831,204.9537161
4/12/2019 15:20,244.067122,187.3217068
4/12/2019 15:30,244.069627,208.2020202
4/12/2019 15:40,244.0604966,237.0945348
4/12/2019 15:50,244.0550766,240.1290178
4/12/2019 16:00,244.049766,240.7745504
4/12/2019 16:10,244.0424437,241.1927275
4/12/2019 16:20,244.037375,241.4572405
4/12/2019 16:30,244.0339757,241.7533751
4/12/2019 16:40,244.0318898,242.073767
4/12/2019 16:50,244.0315999,242.3138769
4/12/2019 17:00,244.0282385,242.5786628
4/12/2019 17:10,244.0111866,242.7228061
4/12/2019 17:20,244.0120326,242.9124765
4/12/2019 17:30,244.0129156,243.2342727
4/12/2019 17:40,244.0101788,243.4863183
4/12/2019 17:50,244.0041472,243.6669137
4/12/2019 18:00,244.0110305,243.7910068
4/12/2019 18:10,244.0084841,243.843087
4/12/2019 18:20,244.0020273,243.873493
4/12/2019 18:30,244.0032759,243.8992979
4/12/2019 18:40,244.012308,243.9159836
4/12/2019 18:50,244.0184215,243.9262478
4/12/2019 19:00,244.0154653,243.9736113
4/12/2019 19:10,244.0158544,243.9753707
4/12/2019 19:20,244.0216507,243.986891
4/12/2019 19:30,244.0201085,243.9884218
4/12/2019 19:40,244.0254032,243.9943138
4/12/2019 19:50,244.0274487,243.9940784
4/12/2019 20:10,244.0312987,244.0090309
4/12/2019 20:20,244.0323047,244.0094622
4/12/2019 20:30,244.0372954,244.0096325
4/12/2019 20:40,244.0422617,244.0127543
4/12/2019 20:50,244.0423811,244.0159646
4/12/2019 21:00,244.0472889,244.02438
4/12/2019 21:10,244.0481961,243.9052979
4/12/2019 21:20,244.0518679,243.9161051
4/12/2019 21:30,244.0566498,243.9215361
4/12/2019 21:40,244.0599048,243.9227429
4/12/2019 21:50,244.0599019,243.9290351
4/12/2019 22:00,244.0621898,243.9295129
4/12/2019 22:10,244.0648536,243.9262421
4/12/2019 22:20,244.0667634,243.9170714
4/12/2019 22:30,244.0668089,243.9236389
4/12/2019 22:40,244.0594153,243.8848962
4/12/2019 22:50,244.0464671,243.8683673
4/12/2019 23:00,244.0392539,243.8431546
4/12/2019 23:10,244.0165472,243.8177326
4/12/2019 23:20,243.9952121,243.7939225
4/12/2019 23:30,243.9632906,243.7675941
4/12/2019 23:40,243.9406477,243.7548291
4/12/2019 23:50,243.9100396,243.7316047
4/13/2019 0:00,243.8947112,243.7156759
4/13/2019 0:10,243.8733708,243.6953433
4/13/2019 0:20,243.8483552,243.6791929
4/13/2019 0:30,243.8292144,243.6727033
4/13/2019 0:40,243.8088676,243.6450515
4/13/2019 0:50,243.7844192,243.6203333
4/13/2019 1:00,243.7554458,243.5972192
4/13/2019 1:10,243.7292964,243.5921569
4/13/2019 1:20,243.7014443,243.553852
4/13/2019 1:30,243.6802829,243.5382612
4/13/2019 1:40,243.65649,243.5242019
4/13/2019 1:50,243.6344668,243.5111747
4/13/2019 2:00,243.6117392,243.4919951
4/13/2019 2:10,243.5887743,243.4744046
4/13/2019 2:20,243.570903,243.4628959
4/13/2019 2:30,243.5408223,243.4449095
4/13/2019 2:40,243.5192543,243.4303926
4/13/2019 2:50,243.4944883,243.4150165
4/13/2019 3:00,243.4736649,243.4046873
4/13/2019 3:10,243.4514322,243.3906776
4/13/2019 3:20,243.4331152,243.3761675
4/13/2019 3:30,243.4132352,243.3661463
4/13/2019 3:40,243.4020951,243.3505801
4/13/2019 3:50,243.3874043,243.3463217
4/13/2019 4:00,243.3709248,243.3330872
4/13/2019 4:10,243.3651489,243.3248696
4/13/2019 4:20,243.3529469,243.3225945
4/13/2019 4:30,243.3452774,243.3252131
4/13/2019 4:40,243.3305654,243.3196686
4/13/2019 4:50,243.328091,243.3194845
4/13/2019 5:00,243.3283027,243.3099843
4/13/2019 5:10,243.3175452,243.2985865
4/13/2019 5:20,243.3248308,243.2904947
4/13/2019 5:30,243.3103555,243.2707736
4/13/2019 5:40,243.2973724,243.255258
4/13/2019 5:50,243.2825344,243.2283581
4/13/2019 6:00,243.2664432,243.1955485
4/13/2019 6:10,243.2454672,243.1654541
4/13/2019 6:20,243.2144524,243.1195584
4/13/2019 6:30,243.1826064,243.0766324
4/13/2019 6:40,243.1506992,243.0477886
4/13/2019 6:50,243.1123706,243.0035896
4/13/2019 7:00,243.0818325,242.9753073
4/13/2019 7:10,243.0410733,242.9454245
4/13/2019 7:20,243.00715,242.9087149
4/13/2019 7:30,242.9720592,242.8753264
4/13/2019 7:40,242.9400925,242.8415286
4/13/2019 7:50,242.9081769,242.8098926
4/13/2019 8:00,242.8677293,242.7749731
4/13/2019 8:10,242.8314081,242.7418861
4/13/2019 8:20,242.7983959,242.7090725
4/13/2019 8:30,242.7653442,242.6653735
4/13/2019 8:40,242.7292975,242.6301019
4/13/2019 8:50,242.6871503,242.5955236
4/13/2019 9:00,242.6500201,242.5691902
4/13/2019 9:10,242.6160807,242.5990705
4/13/2019 9:20,242.5808505,242.6127087
4/13/2019 9:30,242.5542856,243.0493915
4/13/2019 9:40,242.5295143,243.3534002
4/13/2019 9:50,242.5047802,243.8538232
4/13/2019 10:00,242.4796947,244.2371124
4/13/2019 10:10,242.4449183,244.9525137
4/13/2019 10:20,242.415991,245.6878634
4/13/2019 10:30,242.3908638,246.4123316
4/13/2019 10:40,242.3694862,247.4246399
4/13/2019 10:50,242.3464166,248.43559
4/13/2019 11:00,242.3293394,281.2439567
4/13/2019 11:10,242.3066281,242.0500803
4/13/2019 11:20,242.2865291,233.653529
4/13/2019 11:30,242.2677958,234.1923225
4/13/2019 11:40,242.2517907,234.9106325
4/13/2019 11:50,242.2384529,234.6011412
4/13/2019 12:00,242.2239859,234.7131432
4/13/2019 12:10,242.2046461,234.2561808
4/13/2019 12:20,242.1919451,233.9010671
4/13/2019 12:30,242.1889677,233.6904591
4/13/2019 12:40,242.1764219,234.1730454
4/13/2019 12:50,242.1681143,234.6112692
4/13/2019 13:00,242.1618597,235.3041855
4/13/2019 13:10,242.1547774,234.8800744
4/13/2019 13:20,242.1508147,234.289445
4/13/2019 13:30,242.1475546,234.7062139
4/13/2019 13:40,242.1426315,234.0586794
4/13/2019 13:50,242.1461508,234.4287022
4/13/2019 14:00,242.1516363,233.9410952
4/13/2019 14:10,242.1570816,234.3685142
4/13/2019 14:20,242.1659443,234.1284261
4/13/2019 14:30,242.1731969,233.9598846
4/13/2019 14:40,242.1751464,233.6976503
4/13/2019 14:50,242.1759274,234.1909277
4/13/2019 15:00,242.1713178,233.9706965
4/13/2019 15:10,242.1822668,233.8196848
4/13/2019 15:20,242.1903066,233.6002238
4/13/2019 15:30,242.1856391,233.7619321
4/13/2019 15:40,242.1870221,237.1743189
4/13/2019 15:50,242.1920076,236.4372902
4/13/2019 16:00,242.1819179,237.2879634
4/13/2019 16:10,242.1813243,239.3099652
4/13/2019 16:20,242.1794028,238.3576797
4/13/2019 16:30,242.1789602,238.7710953
4/13/2019 16:40,242.1778667,239.2925816
4/13/2019 16:50,242.1734389,239.5893269
4/13/2019 17:00,242.1645783,239.9618531
4/13/2019 17:10,242.159321,240.3438015
4/13/2019 17:20,242.1355583,240.6776221
4/13/2019 17:30,242.137559,240.9281435
4/13/2019 17:40,242.1449603,241.190436
4/13/2019 17:50,242.1482929,241.5764729
4/13/2019 18:00,242.1585017,241.8332278
4/13/2019 18:10,242.1680415,242.0219251
4/13/2019 18:20,242.1740194,242.1326178
4/13/2019 18:30,242.1868319,242.1943034
4/13/2019 18:40,242.1925391,242.233449
4/13/2019 18:50,242.2130412,242.2618867
4/13/2019 19:00,242.2225823,242.3052793
4/13/2019 19:10,242.2272318,242.3071174
4/13/2019 19:20,242.2260785,242.2940342
4/13/2019 19:30,242.2176051,242.2825309
4/13/2019 19:40,242.2028424,242.264667
4/13/2019 19:50,242.1891735,242.2543865
4/13/2019 20:00,242.1778043,242.2435992
4/13/2019 20:10,242.1675913,242.2248947
4/13/2019 20:20,242.1527934,242.2147899
4/13/2019 20:30,242.1408695,242.1954546
4/13/2019 20:40,242.125893,242.1730744
4/13/2019 20:50,242.1120353,242.1545
4/13/2019 21:00,242.0923289,242.1368615
4/13/2019 21:10,242.0778093,241.9970402
4/13/2019 21:20,242.0578917,241.9857706
4/13/2019 21:30,242.0469167,241.977234
4/13/2019 21:40,242.0346468,241.9633344
4/13/2019 21:50,242.027721,241.9593471
4/13/2019 22:00,242.017343,241.9460616
4/13/2019 22:10,242.0054468,241.9238299
4/13/2019 22:20,241.9940114,241.9107698
4/13/2019 22:30,241.9782805,241.8891735
4/13/2019 22:40,241.9572437,241.8752654
4/13/2019 22:50,241.9495116,241.8602668
4/13/2019 23:00,241.9347842,241.8514404
4/13/2019 23:10,241.9229989,241.8336707
4/13/2019 23:20,241.906121,241.8167883
4/13/2019 23:30,241.896869,241.8130461
4/13/2019 23:40,241.8898396,241.8127853
4/13/2019 23:50,241.8795193,241.8039047
4/14/2019 0:00,241.8749949,241.7977163
4/14/2019 0:10,241.8675444,241.7947595
4/14/2019 0:20,241.8608403,241.7799614
4/14/2019 0:30,241.8526796,241.7735376
4/14/2019 0:40,241.8451859,241.7660184
4/14/2019 0:50,241.8397773,241.7544667
4/14/2019 1:00,241.8205706,241.7451238
4/14/2019 1:10,241.8043631,241.7465948
4/14/2019 1:20,241.7906471,241.7184645
4/14/2019 1:30,241.7815379,241.7105171
4/14/2019 1:40,241.767487,241.7050586
4/14/2019 1:50,241.7566604,241.7025219
4/14/2019 2:00,241.7423202,241.6841179
4/14/2019 2:10,241.7384346,241.6722403
4/14/2019 2:20,241.7182456,241.6677747
4/14/2019 2:30,241.7054029,241.6641353
4/14/2019 2:40,241.6837226,241.6588385
4/14/2019 2:50,241.6732111,241.6515685
4/14/2019 3:00,241.6654204,241.6452423
4/14/2019 3:10,241.6577241,241.6347384
4/14/2019 3:20,241.6451596,241.6266478
4/14/2019 3:30,241.640924,241.6108078
4/14/2019 3:40,241.6284431,241.5957822
4/14/2019 3:50,241.6163447,241.5756662
4/14/2019 4:00,241.6091503,241.5671181
4/14/2019 4:10,241.5932272,241.5422851
4/14/2019 4:20,241.582518,241.5264609
4/14/2019 4:30,241.5709495,241.505615
4/14/2019 4:40,241.5494989,241.4692381
4/14/2019 4:50,241.5269825,241.4540071
4/14/2019 5:00,241.5061719,241.4280223
4/14/2019 5:10,241.4797887,241.3975762
4/14/2019 5:20,241.4716091,241.3695756
4/14/2019 5:30,241.4413556,241.3355243
4/14/2019 5:40,241.4252507,241.3070699
4/14/2019 5:50,241.3957916,241.2686718
4/14/2019 6:00,241.3692792,241.2331278
4/14/2019 6:10,241.3472238,241.1876085
4/14/2019 6:20,241.3165601,241.1378767
4/14/2019 6:30,241.28315,241.0987701
4/14/2019 6:40,241.2477884,241.0499301
4/14/2019 6:50,241.2100505,241.0118791
4/14/2019 7:00,241.1731822,240.9760474
4/14/2019 7:10,241.1314182,240.9328216
4/14/2019 7:20,241.0976651,240.8913909
4/14/2019 7:30,241.0509277,240.8605718
4/14/2019 7:40,241.0153984,240.8318552
4/14/2019 7:50,240.9796468,240.7984512
4/14/2019 8:00,240.947405,240.7721949
4/14/2019 8:10,240.9180611,240.742786
4/14/2019 8:20,240.886847,240.7091973
4/14/2019 8:30,240.8625087,240.674706
4/14/2019 8:40,240.8324371,240.6482427
4/14/2019 8:50,240.8035107,240.6166827
4/14/2019 9:00,240.7681137,240.5796926
4/14/2019 9:10,240.7403508,240.5978102
4/14/2019 9:20,240.7099237,240.6522074
4/14/2019 9:30,240.6740266,241.1416187
4/14/2019 9:40,240.647439,241.4680154
4/14/2019 9:50,240.6245561,241.9943029
4/14/2019 10:00,240.6008415,242.4004885
4/14/2019 10:10,240.579657,243.169038
4/14/2019 10:20,240.5542568,243.9718124
4/14/2019 10:30,240.5358509,244.8916445
4/14/2019 10:40,240.519017,245.9860921
4/14/2019 10:50,240.5082859,247.2261359
4/14/2019 11:00,240.488785,286.6192817
4/14/2019 11:10,240.4737359,222.3386204
4/14/2019 11:20,240.4569667,215.2338834
4/14/2019 11:30,240.4373079,215.2854353
4/14/2019 11:40,240.4129641,215.4933991
4/14/2019 11:50,240.3906034,215.6352779
4/14/2019 12:00,240.3679279,215.876413
4/14/2019 12:10,240.3496698,216.1148973
4/14/2019 12:20,240.3286496,215.9999954
4/14/2019 12:30,240.3160257,216.1524458
4/14/2019 12:40,240.3034048,216.0475343
4/14/2019 12:50,240.2874171,214.5440835
4/14/2019 13:00,240.2714513,216.4700076
4/14/2019 13:10,240.2634077,215.6554867
4/14/2019 13:20,240.2549114,214.1369886
4/14/2019 13:30,240.2429042,214.7377255
4/14/2019 13:40,240.2385103,216.0202403
4/14/2019 13:50,240.2375235,215.927015
4/14/2019 14:00,240.2356615,214.2265138
4/14/2019 14:10,240.2403584,215.8654017
4/14/2019 14:20,240.2496462,215.2599944
4/14/2019 14:30,240.2573616,215.4680879
4/14/2019 14:40,240.2721831,215.2320675
4/14/2019 14:50,240.2899188,215.378324
4/14/2019 15:00,240.3122686,215.7285745
4/14/2019 15:10,240.3323763,215.5770928
4/14/2019 15:20,240.3570121,215.30238
4/14/2019 15:30,240.3771895,214.4918221
4/14/2019 15:40,240.3862928,211.9988575
4/14/2019 15:50,240.40829,206.8004703
4/14/2019 16:00,240.4138229,214.4996674
4/14/2019 16:10,240.4244814,228.3155426
4/14/2019 16:20,240.4314958,236.102424
4/14/2019 16:30,240.4373008,236.7202763
4/14/2019 16:40,240.4429827,237.2574734
4/14/2019 16:50,240.4456781,237.7338823
4/14/2019 17:00,240.4566214,237.9869252
4/14/2019 17:10,240.4646109,238.3664399
4/14/2019 17:20,240.4468498,238.7266015
4/14/2019 17:30,240.448417,238.9590941
4/14/2019 17:40,240.449493,239.2215507
4/14/2019 17:50,240.4383977,239.6190302
4/14/2019 18:00,240.4257213,239.8666109
4/14/2019 18:10,240.4138349,240.043965
4/14/2019 18:20,240.3970758,240.1374031
4/14/2019 18:30,240.3749519,240.1746873
4/14/2019 18:40,240.3568738,240.1792719
4/14/2019 18:50,240.3338705,240.1817715
4/14/2019 19:00,240.3120472,240.2145566
4/14/2019 19:10,240.2915122,240.2075701
4/14/2019 19:20,240.2698167,240.1915646
4/14/2019 19:30,240.2512365,240.1723446
4/14/2019 19:40,240.2286276,240.1334507
4/14/2019 19:50,240.2010723,240.1079468
4/14/2019 20:00,240.1724825,240.0794973
4/14/2019 20:10,240.1397268,240.0373788
4/14/2019 20:20,240.1080671,240.0016023
4/14/2019 20:30,240.0704499,239.9544369
4/14/2019 20:40,240.0353275,239.9024576
4/14/2019 20:50,239.9947638,239.8574127
4/14/2019 21:00,239.9480704,239.8026069
4/14/2019 21:10,239.9019725,239.6180199
4/14/2019 21:20,239.8586601,239.5747738
4/14/2019 21:30,239.813263,239.5389253
4/14/2019 21:40,239.7702775,239.4998943
4/14/2019 21:50,239.7328995,239.473127
4/14/2019 22:00,239.6964301,239.4434759
4/14/2019 22:10,239.6676019,239.434428
4/14/2019 22:20,239.642847,239.3856324
4/14/2019 22:30,239.6130394,239.3594018
4/14/2019 22:40,239.5845688,239.3291038
4/14/2019 22:50,239.5581251,239.2994803
4/14/2019 23:00,239.5303171,239.2639855
4/14/2019 23:10,239.5020818,239.2415178
4/14/2019 23:20,239.4698781,239.212679
4/14/2019 23:30,239.4436634,239.1879323
4/14/2019 23:40,239.4212759,239.1763359
4/14/2019 23:50,239.3993227,239.1620358
4/15/2019 0:00,239.3824743,239.1381459
4/15/2019 0:10,239.3655828,239.1300854
4/15/2019 0:20,239.3487666,239.1218146
4/15/2019 0:30,239.3302024,239.1100848
4/15/2019 0:40,239.3171466,239.1109403
4/15/2019 0:50,239.304344,239.1076759
4/15/2019 1:00,239.2985633,239.1086031
4/15/2019 1:10,239.2938674,239.1240948
4/15/2019 1:20,239.300447,239.1368824
4/15/2019 1:30,239.3012902,239.160368
4/15/2019 1:40,239.3135806,239.1808682
4/15/2019 1:50,239.3257512,239.1930104
4/15/2019 2:00,239.3381561,239.2135973
4/15/2019 2:10,239.3525591,239.2388291
4/15/2019 2:20,239.3682914,239.2600545
4/15/2019 2:30,239.3806878,239.2882941
4/15/2019 2:40,239.3992316,239.3155089
4/15/2019 2:50,239.410555,239.3522105
4/15/2019 3:00,239.4369604,239.3800242
4/15/2019 3:10,239.4615124,239.4141248
4/15/2019 3:20,239.490415,239.4380001
4/15/2019 3:30,239.5153218,239.4728208
4/15/2019 3:40,239.5354364,239.4821896
4/15/2019 3:50,239.558272,239.5055444
4/15/2019 4:00,239.5873568,239.5189196
4/15/2019 4:10,239.6020825,239.5340773
4/15/2019 4:20,239.6265168,239.5475261
4/15/2019 4:30,239.6481303,239.5573764
4/15/2019 4:40,239.6591001,239.5700322
4/15/2019 4:50,239.6725407,239.5888604
4/15/2019 5:00,239.6861749,239.6048424
4/15/2019 5:10,239.6981656,239.6258111
4/15/2019 5:20,239.736562,239.6271879
4/15/2019 5:30,239.7505953,239.6353166
4/15/2019 5:40,239.7586389,239.637203
4/15/2019 5:50,239.7699227,239.629663
4/15/2019 6:00,239.7744106,239.6227495
4/15/2019 6:10,239.7774193,239.624644
4/15/2019 6:20,239.7844893,239.6164298
4/15/2019 6:30,239.7784262,239.6186205
4/15/2019 6:40,239.7805584,239.6062039
4/15/2019 6:50,239.7792359,239.6075471
4/15/2019 7:00,239.7848467,239.6044077
4/15/2019 7:10,239.7768022,239.6083292
4/15/2019 7:20,239.7748119,239.6105168
4/15/2019 7:30,239.7723927,239.6131141
4/15/2019 7:40,239.7738446,239.6110091
4/15/2019 7:50,239.7739096,239.6143635
4/15/2019 8:00,239.7753431,239.625673
4/15/2019 8:10,239.7725179,239.6281364
4/15/2019 8:20,239.77957,239.6306946
4/15/2019 8:30,239.7875668,239.6299186
4/15/2019 8:40,239.7937534,239.6342272
4/15/2019 8:50,239.7912344,239.631489
4/15/2019 9:00,239.7942317,239.6290183
4/15/2019 9:10,239.7925856,239.6702373
4/15/2019 9:20,239.7800062,239.7630091
4/15/2019 9:30,239.7726362,240.2914827
4/15/2019 9:40,239.7702219,240.5839071
4/15/2019 9:50,239.7664003,241.1696275
4/15/2019 10:00,239.7687284,241.7041858
4/15/2019 10:10,239.7695146,242.5661149
4/15/2019 10:20,239.7717943,243.3777266
4/15/2019 10:30,239.7759764,244.1953027
4/15/2019 10:40,239.7856868,245.1420129
4/15/2019 10:50,239.7922095,246.408784
4/15/2019 11:00,239.7835935,285.5472403
4/15/2019 11:10,239.7791895,244.0933249
4/15/2019 11:20,239.7723138,240.5656401
4/15/2019 11:30,239.7649466,240.5155711
4/15/2019 11:40,239.7600968,240.5982349
4/15/2019 11:50,239.7558252,240.5781594
4/15/2019 12:00,239.7417953,240.7831034
4/15/2019 12:10,239.740943,240.5230012
4/15/2019 15:20,239.7399172,239.7358033
4/15/2019 15:30,239.740899,239.8917206
4/15/2019 15:40,240.0656667,238.3171921
4/15/2019 15:50,240.094114,240.230421
4/15/2019 16:00,240.1288315,243.5326719
4/15/2019 16:10,240.1570303,256.162713
4/15/2019 16:20,240.1822817,235.9808096
4/15/2019 16:30,240.2011481,236.5607077
4/15/2019 16:40,240.2218995,237.0997071
4/15/2019 16:50,240.2459201,237.5548456
4/15/2019 17:00,240.2700234,237.9823269
4/15/2019 17:10,240.2968451,238.3559874
4/15/2019 17:20,240.3026076,238.6701519
4/15/2019 17:30,240.3308917,238.9774935
4/15/2019 17:40,240.3528373,239.2786102
4/15/2019 17:50,240.3785389,239.6836783
4/15/2019 18:00,240.4051906,239.9529961
4/15/2019 18:10,240.4239907,240.1405372
4/15/2019 18:20,240.4343191,240.2462621
4/15/2019 18:30,240.4482612,240.2934039
4/15/2019 18:40,240.4531264,240.3069685
4/15/2019 18:50,240.4503222,240.3134149
4/15/2019 19:00,240.4426856,240.3390112
4/15/2019 19:10,240.4332247,240.3234635
4/15/2019 19:20,240.413598,240.3083033
4/15/2019 19:30,240.3961722,240.2770706
4/15/2019 19:40,240.3632234,240.254415
4/15/2019 19:50,240.3438155,240.2240833
4/15/2019 20:00,240.3119972,240.1913162
4/15/2019 20:10,240.2788088,240.1544413
4/15/2019 20:20,240.2446553,240.1163142
4/15/2019 20:30,240.2142139,240.0787889
4/15/2019 20:40,240.1823006,240.0361553
4/15/2019 20:50,240.1503089,239.9990189
4/15/2019 21:00,240.1079516,239.9499767
4/15/2019 21:10,240.0660173,239.7647936
4/15/2019 21:20,240.0204046,239.7152242
4/15/2019 21:30,239.976539,239.6588526
4/15/2019 21:40,239.9301368,239.6055324
4/15/2019 21:50,239.8832767,239.5558322
4/15/2019 22:00,239.8338704,239.5016928
4/15/2019 22:10,239.7858864,239.4573588
4/15/2019 22:20,239.7373029,239.4262938
4/15/2019 22:30,239.691169,239.3521082
4/15/2019 22:40,239.6435038,239.3144704
4/15/2019 22:50,239.6046659,239.2667929
4/15/2019 23:00,239.5553341,239.2154929
4/15/2019 23:10,239.5034759,239.1681208
4/15/2019 23:20,239.4547875,239.1371387
4/15/2019 23:30,239.419518,239.0993626
4/15/2019 23:40,239.3777114,239.0496761
4/15/2019 23:50,239.3367436,239.0044133
4/16/2019 0:00,239.3030268,238.9627183
4/16/2019 0:10,239.2653684,238.9155272
4/16/2019 0:20,239.2249577,238.8750334
4/16/2019 0:30,239.1824063,238.8096959
4/16/2019 0:40,239.1352627,238.7721885
4/16/2019 0:50,239.0846961,238.7166924
4/16/2019 1:00,239.0345693,238.6877327
4/16/2019 1:10,238.9824217,238.6134434
4/16/2019 1:20,238.9294469,238.5641723
4/16/2019 1:30,238.8810634,238.5301082
4/16/2019 1:40,238.8318477,238.4963752
4/16/2019 1:50,238.7919891,238.4715641
4/16/2019 2:00,238.7518834,238.4375865
4/16/2019 2:10,238.7109927,238.409043
4/16/2019 2:20,238.6782549,238.3761677
4/16/2019 2:30,238.6390363,238.3512489
4/16/2019 2:40,238.6065425,238.3227177
4/16/2019 2:50,238.5784373,238.3044012
4/16/2019 3:00,238.5421988,238.2907446
4/16/2019 3:10,238.5148057,238.265917
4/16/2019 3:20,238.4896848,238.2534294
4/16/2019 3:30,238.4705519,238.2487792
4/16/2019 3:40,238.4462745,238.2284041
4/16/2019 3:50,238.4352711,238.21514
4/16/2019 4:00,238.4154683,238.1956851
4/16/2019 4:10,238.4004265,238.171213
4/16/2019 4:20,238.3817,238.1479419
4/16/2019 4:30,238.3634691,238.1249498
4/16/2019 4:40,238.3347337,238.0988914
4/16/2019 4:50,238.3118677,238.0686667
4/16/2019 5:00,238.2898602,238.0440013
4/16/2019 5:10,238.2640746,238.0210218
4/16/2019 5:20,238.2656263,237.9901536
4/16/2019 5:30,238.2404611,237.9579951
4/16/2019 5:40,238.2145852,237.9212075
4/16/2019 5:50,238.1890986,237.8739843
4/16/2019 6:00,238.1590424,237.8224517
4/16/2019 6:10,238.121323,237.763132
4/16/2019 6:20,238.0814264,237.7026103
4/16/2019 6:30,238.0305457,237.6397549
4/16/2019 6:40,237.9755589,237.5919862
4/16/2019 6:50,237.9170485,237.5458394
4/16/2019 7:00,237.8681721,237.5002329
4/16/2019 7:10,237.8275151,237.4501832
4/16/2019 7:20,237.7784091,237.4172351
4/16/2019 7:30,237.7361608,237.3731002
4/16/2019 7:40,237.6889884,237.3295509
4/16/2019 7:50,237.6501851,237.298571
4/16/2019 8:00,237.6089222,237.2627717
4/16/2019 8:10,237.5750102,237.2233552
4/16/2019 8:20,237.5330412,237.1972462
4/16/2019 8:30,237.5002747,237.1539202
4/16/2019 8:40,237.4620642,237.1266478
4/16/2019 8:50,237.4270378,237.0929608
4/16/2019 9:00,237.3842364,237.0872555
4/16/2019 9:10,237.3544849,237.1318671
4/16/2019 9:20,237.3326306,237.2043423
4/16/2019 9:30,237.3177636,237.7678009
4/16/2019 9:40,237.3065295,238.1178091
4/16/2019 9:50,237.3018716,238.7257179
4/16/2019 10:00,237.3006918,239.310872
4/16/2019 10:10,237.2959756,240.2180791
4/16/2019 10:20,237.2869819,241.0735001
4/16/2019 10:30,237.2795319,242.1047459
4/16/2019 10:40,237.2694805,243.2376247
4/16/2019 10:50,237.2642812,244.2654754
4/16/2019 11:00,237.2616123,285.3853257
4/16/2019 11:10,237.2581501,230.5759905
4/16/2019 11:20,237.2676481,223.3791619
4/16/2019 11:30,237.2732258,223.4694412
4/16/2019 11:40,237.2822833,223.407026
4/16/2019 11:50,237.2939353,223.490404
4/16/2019 12:00,237.3017215,223.2889915
4/16/2019 12:10,237.3095498,223.2995828
4/16/2019 12:20,237.3343475,223.3262329
4/16/2019 12:30,237.3570609,223.3675984
4/16/2019 12:40,237.3849298,223.414516
4/16/2019 12:50,237.4128991,223.457341
4/16/2019 13:00,237.4436906,223.5802509
4/16/2019 13:10,237.4734636,223.403515
4/16/2019 13:20,237.4997081,223.5199498
4/16/2019 13:30,237.5312139,223.592017
4/16/2019 13:40,237.5547484,223.5971678
4/16/2019 13:50,237.5802544,223.5997024
4/16/2019 14:00,237.6070151,223.5754304
4/16/2019 14:10,237.6435557,223.5727907
4/16/2019 14:20,237.6779343,223.5229444
4/16/2019 14:30,237.7192664,223.5144084
4/16/2019 14:40,237.7568904,223.4804782
4/16/2019 14:50,237.7938787,223.4452528
4/16/2019 15:00,237.8324366,223.4202361
4/16/2019 15:10,237.8751077,223.4072031
4/16/2019 15:20,237.9079131,223.3811733
4/16/2019 15:30,237.9549323,222.2712628
4/16/2019 15:40,237.9973848,230.8554097
4/16/2019 15:50,238.0411154,241.5153533
4/16/2019 16:00,238.0904007,260.1064171
4/16/2019 16:10,238.1268877,233.8455472
4/16/2019 16:20,238.16347,233.8739981
4/16/2019 16:30,238.1998626,234.4192773
4/16/2019 16:40,238.2355777,234.9549201
4/16/2019 16:50,238.2735976,235.3163605
4/16/2019 17:00,238.3133625,235.8623788
4/16/2019 17:10,238.3493095,236.34652
4/16/2019 17:20,238.3649959,236.749238
4/16/2019 17:30,238.404857,237.0595633
4/16/2019 17:40,238.4426328,237.4044381
4/16/2019 17:50,238.4740287,237.8101087
4/16/2019 18:00,238.5065479,238.1009578
4/16/2019 18:10,238.5386515,238.3076305
4/16/2019 18:20,238.5599339,238.4198829
4/16/2019 18:30,238.5917536,238.4904408
4/16/2019 18:40,238.6140955,238.5685691
4/16/2019 18:50,238.6456725,238.6162486
4/16/2019 19:00,238.6708233,238.6913663
4/16/2019 19:10,238.6931592,238.7366389
4/16/2019 19:20,238.73616,238.7901334
4/16/2019 19:30,238.776237,238.8417735
4/16/2019 19:40,238.8175882,238.8864785
4/16/2019 19:50,238.8602344,238.9239222
4/16/2019 20:00,238.9048373,238.9736437
4/16/2019 20:10,238.9506093,239.0174573
4/16/2019 20:20,238.9896413,239.0642699
4/16/2019 20:30,239.03241,239.1081361
4/16/2019 20:40,239.074526,239.1490616
4/16/2019 20:50,239.1203999,239.1923274
4/16/2019 21:00,239.1676399,239.2379141
4/16/2019 21:10,239.2056971,239.1446533
4/16/2019 21:20,239.2520054,239.1978643
4/16/2019 21:30,239.299649,239.2443673
4/16/2019 21:40,239.3439297,239.301454
4/16/2019 21:50,239.396979,239.3604268
4/16/2019 22:00,239.4424947,239.4462416
4/16/2019 22:10,239.4993327,239.4887428
4/16/2019 22:20,239.5537254,239.5539854
4/16/2019 22:30,239.6145907,239.6314383
4/16/2019 22:40,239.6886741,239.7110928
4/16/2019 22:50,239.747616,239.7752978
4/16/2019 23:00,239.8204662,239.8526499
4/16/2019 23:10,239.8876796,239.9276062
4/16/2019 23:20,239.9666752,239.992386
4/16/2019 23:30,240.044277,240.0607877
4/16/2019 23:40,240.1175505,240.1341561
4/16/2019 23:50,240.1877924,240.2040541
4/17/2019 0:00,240.2546526,240.2658548
4/17/2019 0:10,240.3217007,240.3372193
4/17/2019 0:20,240.3860778,240.4092201
4/17/2019 0:30,240.4502455,240.4696437
4/17/2019 0:40,240.5161462,240.5270286
4/17/2019 0:50,240.577096,240.5880934
4/17/2019 1:00,240.6358723,240.665188
4/17/2019 1:10,240.6987078,240.7060099
4/17/2019 1:20,240.7597804,240.7678034
4/17/2019 1:30,240.8100984,240.8289979
4/17/2019 1:40,240.8768489,240.8858219
4/17/2019 1:50,240.9330088,240.9563748
4/17/2019 2:00,240.9970376,241.0075155
4/17/2019 2:10,241.0404191,241.0590535
4/17/2019 2:20,241.0977665,241.1075094
4/17/2019 2:30,241.1422429,241.152792
4/17/2019 2:40,241.1884209,241.1914985
4/17/2019 2:50,241.2267415,241.228745
4/17/2019 3:00,241.2678445,241.274404
4/17/2019 3:10,241.2934946,241.3145957
4/17/2019 3:20,241.3342993,241.3524604
4/17/2019 3:30,241.3702085,241.3816682
4/17/2019 3:40,241.4097204,241.4090504
4/17/2019 3:50,241.437234,241.4307921
4/17/2019 4:00,241.4612866,241.4546608
4/17/2019 4:10,241.4874198,241.472426
4/17/2019 4:20,241.5075536,241.4993026
4/17/2019 4:30,241.5241964,241.5156357
4/17/2019 4:40,241.5473111,241.5290672
4/17/2019 4:50,241.5579415,241.5376199
4/17/2019 5:00,241.5635558,241.5444868
4/17/2019 5:10,241.5728388,241.5505503
4/17/2019 5:20,241.5928499,241.5582375
4/17/2019 5:30,241.5986483,241.5679195
4/17/2019 5:40,241.6047473,241.5706219
4/17/2019 5:50,241.6118033,241.5732134
4/17/2019 6:00,241.6235618,241.5907153
4/17/2019 6:10,241.6363164,241.5962581
4/17/2019 6:20,241.6496676,241.5970048
4/17/2019 6:30,241.6526101,241.5804133
4/17/2019 6:40,241.6645389,241.5728948
4/17/2019 6:50,241.6533972,241.569555
4/17/2019 7:00,241.645822,241.5649444
4/17/2019 7:10,241.6409088,241.5683821
4/17/2019 7:20,241.6386784,241.5750315
4/17/2019 7:30,241.6359587,241.5788072
4/17/2019 7:40,241.6397872,241.5781395
4/17/2019 7:50,241.6384323,241.574632
4/17/2019 8:00,241.6348348,241.581253
4/17/2019 8:10,241.6369075,241.5885138
4/17/2019 8:20,241.6416269,241.58652
4/17/2019 8:30,241.641802,241.5749936
4/17/2019 8:40,241.6408276,241.5608427
4/17/2019 8:50,241.6283898,241.5414166
4/17/2019 9:00,241.6127105,241.5237919
4/17/2019 9:10,241.5907285,241.5592078
4/17/2019 9:20,241.5580224,241.6098605
4/17/2019 9:30,241.5289536,242.0727053
4/17/2019 9:40,241.5044071,242.3617844
4/17/2019 9:50,241.4823774,242.8841678
4/17/2019 10:00,241.4623056,243.2875787
4/17/2019 10:10,241.438302,243.9568153
4/17/2019 10:20,241.4193596,244.7644885
4/17/2019 10:30,241.4020298,245.5210976
4/17/2019 10:40,241.3890889,246.3234257
4/17/2019 10:50,241.3770229,247.2652628
4/17/2019 11:00,241.3673281,274.5542672
4/17/2019 11:10,241.352589,232.3627948
4/17/2019 11:20,241.3473314,210.1143015
4/17/2019 11:30,241.3388833,210.1738816
4/17/2019 11:40,241.3288912,210.0844689
4/17/2019 11:50,241.3051678,210.5215
4/17/2019 12:00,241.2885636,210.62097
4/17/2019 12:10,241.2573855,210.9616388
4/17/2019 12:20,241.2248634,211.0320076
4/17/2019 12:30,241.1976379,211.1584264
4/17/2019 12:40,241.173748,211.2672104
4/17/2019 12:50,241.1552795,211.4786392
4/17/2019 13:00,241.1396538,211.5377502
4/17/2019 13:10,241.1295561,211.2609727
4/17/2019 13:20,241.125961,211.5315228
4/17/2019 13:30,241.124332,211.7049366
4/17/2019 13:40,241.1236314,211.8189744
4/17/2019 13:50,241.1323246,211.6485444
4/17/2019 14:00,241.1393863,211.4497137
4/17/2019 14:10,241.1525203,211.5169261
4/17/2019 14:20,241.1660024,211.6541531
4/17/2019 14:30,241.1779222,211.0788633
4/17/2019 14:40,241.1854388,211.2385787
4/17/2019 14:50,241.2057109,211.3041657
4/17/2019 15:00,241.2122829,211.3460365
4/17/2019 15:10,241.2150077,210.3772965
4/17/2019 15:20,241.2149232,210.6435349
4/17/2019 15:30,241.2105576,226.75918
4/17/2019 15:40,241.2006739,229.7057843
4/17/2019 15:50,241.1930078,272.1370973
4/17/2019 16:00,241.1931593,245.728734
4/17/2019 16:10,241.1952159,237.3829976
4/17/2019 16:20,241.1956382,237.8342326
4/17/2019 16:30,241.1928389,238.2473865
4/17/2019 16:40,241.188396,238.7087518
4/17/2019 16:50,241.1876387,238.9356261
4/17/2019 17:00,241.185116,239.2678608
4/17/2019 17:10,241.1885649,239.6281733
4/17/2019 17:20,241.1643257,239.8972388
4/17/2019 17:30,241.1568241,240.1077465
4/17/2019 17:40,241.1442177,240.4623622
4/17/2019 17:50,241.1351752,240.725787
4/17/2019 18:00,241.1232849,240.9135229
4/17/2019 18:10,241.1090239,241.0076927
4/17/2019 18:20,241.0917248,241.0611998
4/17/2019 18:30,241.084405,241.0839404
4/17/2019 18:40,241.0670177,241.0860943
4/17/2019 18:50,241.0470107,241.0787097
4/17/2019 19:00,241.0275674,241.1011431
4/17/2019 19:10,241.0085829,241.075685
4/17/2019 19:20,240.9840602,241.0492742
4/17/2019 19:30,240.9631844,241.0330677
4/17/2019 19:40,240.9378637,240.9981589
4/17/2019 19:50,240.9123213,240.9757402
4/17/2019 20:00,240.8859145,240.9424065
4/17/2019 20:10,240.8560364,240.9003398
4/17/2019 20:20,240.8247247,240.8633967
4/17/2019 20:30,240.7886412,240.8183896
4/17/2019 20:40,240.7497242,240.7755895
4/17/2019 20:50,240.7038989,240.7237744
4/17/2019 21:00,240.6559209,240.6757765
4/17/2019 21:10,240.6035913,240.4971625
4/17/2019 21:20,240.5565981,240.4503295
4/17/2019 21:30,240.5103937,240.4152584
4/17/2019 21:40,240.4635725,240.3663165
4/17/2019 21:50,240.4259295,240.3256328
4/17/2019 22:00,240.3822769,240.2962312
4/17/2019 22:10,240.3468581,240.2820153
4/17/2019 22:20,240.3054419,240.242628
4/17/2019 22:30,240.2689044,240.1773897
4/17/2019 22:40,240.2324359,240.1468471
4/17/2019 22:50,240.1956078,240.1114395
4/17/2019 23:00,240.1672524,240.0788219
4/17/2019 23:10,240.1282227,240.050088
4/17/2019 23:20,240.102481,240.0246281
4/17/2019 23:30,240.072869,239.9979195
4/17/2019 23:40,240.0432947,239.9827522
4/17/2019 23:50,240.0285163,239.9604282
4/18/2019 0:00,240.0117681,239.9358518
4/18/2019 0:10,239.9932001,239.9097408
4/18/2019 0:20,239.9749181,239.8849216
4/18/2019 0:30,239.9476564,239.8634155
4/18/2019 0:40,239.9223323,239.842425
4/18/2019 0:50,239.8957954,239.8389403
4/18/2019 1:00,239.8718048,239.7905362
4/18/2019 1:10,239.8445927,239.7818242
4/18/2019 1:20,239.8283672,239.7717201
4/18/2019 1:30,239.8041621,239.767531
4/18/2019 1:40,239.790401,239.7672227
4/18/2019 1:50,239.7806234,239.7732736
4/18/2019 2:00,239.7799807,239.7805276
4/18/2019 2:10,239.7715137,239.7847124
4/18/2019 2:20,239.7743526,239.7999182
4/18/2019 2:30,239.7761852,239.8243937
4/18/2019 2:40,239.7900784,239.8412758
4/18/2019 2:50,239.8015977,239.8667809
4/18/2019 3:00,239.8255557,239.8929309
4/18/2019 3:10,239.8455539,239.9253054
4/18/2019 3:20,239.8688429,239.9484567
4/18/2019 3:30,239.8899118,239.9677506
4/18/2019 3:40,239.9205638,239.9968178
4/18/2019 3:50,239.9444193,240.0177312
4/18/2019 4:00,239.9707283,240.0428656
4/18/2019 4:10,240.0017468,240.0648838
4/18/2019 4:20,240.0215431,240.0784854
4/18/2019 4:30,240.0435438,240.0851271
4/18/2019 4:40,240.0570724,240.1048459
4/18/2019 4:50,240.0776468,240.1123658
4/18/2019 5:00,240.0899777,240.1140629
4/18/2019 5:10,240.1019601,240.123001
4/18/2019 5:20,240.1315453,240.1290744
4/18/2019 5:30,240.1370803,240.1291381
4/18/2019 5:40,240.1482515,240.1319195
4/18/2019 5:50,240.1511876,240.1197587
4/18/2019 6:00,240.1532547,240.1095069
4/18/2019 6:10,240.1561844,240.1034911
4/18/2019 6:20,240.1509041,240.088557
4/18/2019 6:30,240.1480649,240.0722951
4/18/2019 6:40,240.1431929,240.0625041
4/18/2019 6:50,240.1390563,240.0448178
4/18/2019 7:00,240.1190033,240.0192399
4/18/2019 7:10,240.1055331,239.9961545
4/18/2019 7:20,240.0837136,239.9769044
4/18/2019 7:30,240.0646246,239.9553117
4/18/2019 7:50,240.0443099,239.9115404
4/18/2019 8:00,240.0176607,239.8768804
4/18/2019 8:10,239.996194,239.8401313
4/18/2019 8:20,239.9651792,239.8033476
4/18/2019 8:30,239.9370045,239.765081
4/18/2019 8:40,239.9077779,239.722474
4/18/2019 8:50,239.8651266,239.6886263
4/18/2019 9:00,239.8310884,239.6628467
4/18/2019 9:10,239.7985739,239.6854722
4/18/2019 9:20,239.7671168,239.7414536
4/18/2019 9:30,239.7325476,240.2160489
4/18/2019 9:40,239.7020554,240.466493
4/18/2019 9:50,239.6759178,240.9832702
4/18/2019 10:00,239.6483401,241.4464133
4/18/2019 10:10,239.6307202,242.2012481
4/18/2019 10:20,239.6134329,243.0252332
4/18/2019 10:30,239.5928283,243.8261826
4/18/2019 10:40,239.5815812,244.6521772
4/18/2019 10:50,239.5706318,245.5862917
4/18/2019 11:00,239.5615983,270.8122375
4/18/2019 11:10,239.5454585,236.9411075
4/18/2019 11:20,239.5354295,225.6595262
4/18/2019 11:30,239.5267643,225.1530346
4/18/2019 11:40,239.5194545,224.573011
4/18/2019 11:50,239.510077,224.8183453
4/18/2019 12:00,239.5042268,225.6426235
4/18/2019 12:10,239.4897927,224.7401097
4/18/2019 12:20,239.4799142,224.4768962
4/18/2019 12:30,239.4747401,225.5499451
4/18/2019 12:40,239.4679401,225.2148805
4/18/2019 12:50,239.4671242,225.2854678
4/18/2019 13:00,239.4682852,225.4506503
4/18/2019 13:10,239.4769166,225.1663752
4/18/2019 13:20,239.4835183,225.0223936
4/18/2019 13:30,239.4965062,225.1128938
4/18/2019 13:40,239.5135742,225.1703229
4/18/2019 13:50,239.531665,225.7265647
4/18/2019 14:00,239.5528533,225.7729567
4/18/2019 14:10,239.5768433,226.3463415
4/18/2019 14:20,239.6029199,225.1257089
4/18/2019 14:30,239.6311947,225.7455843
4/18/2019 14:40,239.6564453,225.8160778
4/18/2019 14:50,239.6854012,224.382344
4/18/2019 15:00,239.7077285,226.3166939
4/18/2019 15:10,239.7263585,226.7324714
4/18/2019 15:20,239.7394726,224.7505159
4/18/2019 15:30,239.7601246,229.2982284
4/18/2019 15:40,239.7812104,225.8551677
4/18/2019 15:50,239.8017487,239.9141479
4/18/2019 16:00,239.8168724,235.0126017
4/18/2019 16:10,239.8295161,235.9123525
4/18/2019 16:20,239.8445228,236.2520752
4/18/2019 16:30,239.857477,236.7631472
4/18/2019 16:40,239.8719144,237.1979269
4/18/2019 16:50,239.8811641,237.476407
4/18/2019 17:00,239.8904553,237.8654037
4/18/2019 17:10,239.899592,238.2392948
4/18/2019 17:20,239.9088705,238.5042272
4/18/2019 17:30,239.8961898,238.7396837
4/18/2019 17:40,239.9038701,239.1481821
4/18/2019 17:50,239.907486,239.4097526
4/18/2019 18:00,239.9113805,239.6085362
4/18/2019 18:10,239.9039051,239.7272254
4/18/2019 18:20,239.9066643,239.7805601
4/18/2019 18:30,239.9185455,239.8050102
4/18/2019 18:40,239.9170507,239.8178236
4/18/2019 18:50,239.9154812,239.8247052
4/18/2019 19:00,239.9079436,239.8738932
4/18/2019 19:10,239.9028804,239.8748555
4/18/2019 19:20,239.8961618,239.8807584
4/18/2019 19:30,239.8950325,239.869837
4/18/2019 19:40,239.8907865,239.8682693
4/18/2019 19:50,239.8842794,239.8597526
4/18/2019 20:00,239.8726811,239.856996
4/18/2019 20:10,239.86378,239.8675356
4/18/2019 20:20,239.8554998,239.8660729
4/18/2019 20:30,239.8490759,239.8760974
4/18/2019 20:40,239.8460823,239.8842386
4/18/2019 20:50,239.8467527,239.8932854
4/18/2019 21:00,239.8535275,239.9086205
4/18/2019 21:10,239.8587393,239.7888771
4/18/2019 21:20,239.8686286,239.7978846
4/18/2019 21:30,239.8736181,239.8156139
4/18/2019 21:40,239.8852821,239.8213977
4/18/2019 21:50,239.8953428,239.8352422
4/18/2019 22:00,239.9033449,239.8367958
4/18/2019 22:10,239.9212763,239.856109
4/18/2019 22:20,239.9216501,239.8642003
4/18/2019 22:30,239.9321469,239.8651226
4/18/2019 22:40,239.9419287,239.8694107
4/18/2019 22:50,239.9615836,239.8835509
4/18/2019 23:00,239.9615882,239.8896592
4/18/2019 23:10,239.9687567,239.9012117
4/18/2019 23:20,239.9790853,239.9323256
4/18/2019 23:30,239.9872348,239.9147736
4/18/2019 23:40,239.9973546,239.9340127
4/18/2019 23:50,239.9989233,239.940898
,,
,,
,,
